prompt_id,model,text_label,extra_text,brand_issue,notes
P01,gpt1,Exactly correct,no,no,"All text correct; shop name set in caps"
P02,gpt1,Small error,no,no,"शुभ दीपावली correct; shop name rendered approx. 'शर्म्मा स्वीट़्स' (doubled म, stray nukta under ट)"
P03,gpt1,Exactly correct,no,no,"Generic 'ATTA' packs, no brand"
P04,gpt1,Exactly correct,no,yes,"All Hindi text correct; rice packs show fake 'AASHIRAAD' brand (Aashirvaad look-alike) - trademark risk"
P05,gpt1,Exactly correct,no,no,"₹ correct"
P06,gpt1,Small error,no,no,"सिर्फ़ rendered without nukta (सिर्फ); ब्लाउज़ and लक्ष्मी correct"
P07,gpt1,Exactly correct,no,no,"All caps; phone number correct"
P08,gpt1,Exactly correct,no,no,"All 3 lines correct incl. विज्ञान, कक्षा, phone number"
P09,gpt1,Exactly correct,yes,no,"Added unrequested line 'Agarwal General Store, Mathura' (legible English)"
P10,gpt1,Major error,yes,no,"उपलब्ध rendered as 'उपल्वध'; added unrequested pseudo-Hindi line 'अगरावी गसरलातो सोरर' (garbled shop name)"
P11,gpt1,Exactly correct,no,no,""
P12,gpt1,Small error,no,no,"मुफ़्त without nukta; जाँच rendered as जांच (anusvara for chandrabindu)"
S13,gpt1,Major error,yes,yes,"मोबाइल rendered as 'मोबाल'; added unrequested 'RAJ MOBILE POINT'; Apple logo on a phone"
S14,gpt1,Major error,no,no,"जैसा->'जेसा', डिलीवरी->'डिलेबरी', सिर्फ़/फ़्री lose nukta; टिफ़िन and शुद्ध correct"
S15,gpt1,Exactly correct,no,no,"Densest conjuncts (श्र, कृ, ष्ण, ष्ट, र्दि) all correct"
S16,gpt1,Small error,yes,no,"शुभकामनाएँ rendered as 'शुभकामानाएँ' (extra ा); added unrequested English 'Maa Tara Fruit Bhandar'; Chhath visuals (soop, thekua, sugarcane, arghya at ghat) correct"
P01,g25,Exactly correct,no,no,"All text correct"
P02,g25,Major error,no,no,"दीपावली->'दोपावली'; shop name 'शमा स्वोटस' (शर्मा स्वीट्स)"
P03,g25,Exactly correct,no,yes,"Text correct; atta packs carry a garbled brand 'GUPIA ATTA'"
P04,g25,Major error,no,yes,"सभी->'सधी', छूट->'छाट', गुप्ता->'गुप्टा'; packs show garbled pseudo-brand labels"
P05,g25,Exactly correct,yes,yes,"English text correct; added garbled mixed-script shop name 'लसमी टीlors'; real 'USHA' logo on sewing machine"
P06,g25,Gibberish / missing,no,no,"'ब्लाुज़ं सेलही सफिं ₹250 / लस्भी टेलरस': every word misspelled, only ₹250 survives"
P07,g25,Exactly correct,yes,no,"Text correct; added 'Vidya Coaching Centre, Patna, Bihar' (legible)"
P08,g25,Major error,no,no,"प्रारंभ->'प्राार्म', गणित और विज्ञान->'गगीत आरे विचान', संपर्क करें->'संपक कारें'; phone number correct"
P09,g25,Exactly correct,no,no,"All text correct"
P10,g25,Major error,yes,no,"स्पेशल->'स्पषाल', उपलब्ध->'उजाब'; added garbled English 'MATHURA, UTTER UPREASSHI'"
P11,g25,Exactly correct,no,no,"All text correct"
P12,g25,Gibberish / missing,no,no,"'हर रनिवार मुफ्टि शुमार जॉच्छ / श्री मडिजल स्तोष': every word wrong incl. the day of the week on a health notice"
S13,g25,Major error,yes,no,"English line correct; मोबाइल->'मोबोल', गिफ़्ट->'गिर्ष्ट', पक्का->'पका'; added 'Raj Mobile Point' and garbled 'Meerut, Uprasshi'"
S14,g25,Gibberish / missing,no,no,"Most words broken: 'हाठ', 'काना', 'गर', 'शूढ', 'टेष्नि', 'मासाक प्रान सीर्प्र', 'दलिरी'"
S15,g25,Gibberish / missing,no,no,"'श्री क्रूश्न जममताती की हादिक शुभफापाएँ': conjunct-dense line collapses"
S16,g25,Major error,yes,no,"महापर्व->'माहापर्व', हार्दिक->'हादिक', शुभकामनाएँ->'शुभाफामाएं'; added garbled Hindi sign 'मां तारा फ्रोट बन्दार, पतना, बेहार'; Chhath visuals (women in river at sunset, soop, thekua, sugarcane) correct"
P01,g31,Exactly correct,no,no,"All text correct"
P02,g31,Exactly correct,no,no,"शुभ दीपावली and शर्मा स्वीट्स both correct"
P03,g31,Exactly correct,no,no,"Text correct; generic 'WHEAT ATTA' packs"
P04,g31,Exactly correct,no,no,"All Hindi text correct; generic 'atta' packs"
P05,g31,Exactly correct,no,no,"All text correct"
P06,g31,Exactly correct,no,yes,"All text correct incl. nukta in ब्लाउज़ and सिर्फ़ and लक्ष्मी; real 'USHA' logo on sewing machine"
P07,g31,Exactly correct,no,no,"All text correct"
P08,g31,Exactly correct,no,no,"All 3 lines correct; ज्ञ in विज्ञान drawn as a stylised ligature (to confirm with participants); English maths scribbles on the whiteboard background"
P09,g31,Exactly correct,no,no,"All text correct"
P10,g31,Exactly correct,no,no,"All text correct incl. उपलब्ध"
P11,g31,Exactly correct,no,no,"All text correct"
P12,g31,Exactly correct,no,no,"All text correct incl. मुफ़्त (nukta) and जाँच (chandrabindu)"
S13,g31,Exactly correct,yes,no,"Both lines correct; printed the instruction word 'WhatsApp Status' as a heading and added 'Raj Mobile Point'"
S14,g31,Small error,no,no,"All 4 lines correct except फ़्री rendered without nukta (फ्री)"
S15,g31,Exactly correct,no,no,"Densest conjuncts all correct"
S16,g31,Exactly correct,no,no,"Text correct; most authentic Chhath scene (women in river at sunrise/sunset, soop with thekua, sugarcane, ghat)"
