prompt_id,model,post_asis,text_exact,text_score,cult_ok,picked
P01,g25,1.0,1.0,3.0,1.0,0.0
P01,g31,1.0,1.0,3.0,1.0,0.0
P01,gpt1,1.0,1.0,3.0,1.0,1.0
P02,g25,0.0,0.0,1.0,0.0,0.0
P02,g31,1.0,1.0,3.0,1.0,1.0
P02,gpt1,0.0,0.0,2.0,0.0,0.0
P03,g25,0.0,1.0,3.0,0.0,0.0
P03,g31,0.0,1.0,3.0,1.0,0.0
P03,gpt1,1.0,1.0,3.0,1.0,1.0
P04,g25,0.0,0.0,2.0,0.0,0.0
P04,g31,1.0,1.0,3.0,1.0,1.0
P04,gpt1,0.0,0.0,2.0,1.0,0.0
P05,g25,0.0,0.0,2.0,1.0,0.0
P05,g31,1.0,1.0,3.0,1.0,0.0
P05,gpt1,1.0,1.0,3.0,1.0,1.0
P06,g25,0.0,0.0,2.0,0.0,0.0
P06,g31,0.0,1.0,3.0,1.0,0.0
P06,gpt1,1.0,1.0,3.0,1.0,1.0
P07,g25,0.0,1.0,3.0,0.0,0.0
P07,g31,0.0,1.0,3.0,0.0,0.0
P07,gpt1,1.0,1.0,3.0,1.0,1.0
P08,g25,0.0,0.0,2.0,1.0,0.0
P08,g31,1.0,1.0,3.0,1.0,1.0
P08,gpt1,0.0,0.0,2.0,1.0,0.0
P09,g25,1.0,1.0,3.0,1.0,1.0
P09,g31,0.0,0.0,2.0,0.0,0.0
P09,gpt1,0.0,0.0,1.0,0.0,0.0
P10,g25,0.0,0.0,2.0,1.0,0.0
P10,g31,1.0,1.0,3.0,1.0,1.0
P10,gpt1,0.0,0.0,1.0,1.0,0.0
P11,g25,1.0,1.0,3.0,1.0,1.0
P11,g31,1.0,1.0,3.0,0.0,0.0
P11,gpt1,1.0,1.0,3.0,0.0,0.0
P12,g25,0.0,0.0,1.0,0.0,0.0
P12,g31,0.0,1.0,3.0,1.0,0.0
P12,gpt1,1.0,1.0,3.0,1.0,1.0
S13,g25,0.0,0.0,2.0,1.0,0.0
S13,g31,1.0,1.0,3.0,1.0,1.0
S13,gpt1,0.0,0.0,2.0,1.0,0.0
S14,g25,0.0,0.0,1.0,0.0,0.0
S14,g31,1.0,1.0,3.0,1.0,1.0
S14,gpt1,0.0,0.0,1.0,0.0,0.0
S15,g25,0.0,0.0,2.0,1.0,0.0
S15,g31,1.0,1.0,3.0,1.0,1.0
S15,gpt1,0.0,0.0,2.0,1.0,0.0
S16,g25,0.0,1.0,3.0,1.0,0.0
S16,g31,0.0,0.0,2.0,1.0,0.0
S16,gpt1,1.0,1.0,3.0,1.0,1.0
