user_id,tasks,audio_min,whisper_present,true_unedited,true_unedited_rate,unedited_ci_lo,unedited_ci_hi,unedited_long_clips_rate,median_edit_wer,blank_rate,blank_on_whisper_speech,blank_misuse,junk,halluc_seen,halluc_accepted,dup_text_long,median_cps,cps_gt_25,rtf_lt1_rate_UNRELIABLE
632098,165,14.299178937183605,90,70,0.7777777777777778,0.6815249725824009,0.8512877671833321,0.8360655737704918,0.26666666666666666,0.024242424242424242,2,11,1,0,0,0,10.14,9,0.3393939393939394
688393,86,6.9925394212893925,44,16,0.36363636363636365,0.23783334127491423,0.5113389272110895,0.4827586206896552,0.3666666666666667,0.20930232558139536,0,6,0,2,0,0,11.11,14,0.3372093023255814
580062,609,47.62132413349159,314,84,0.267515923566879,0.2215789102525117,0.31907278543489986,0.1837837837837838,0.2456896551724138,0.16584564860426929,8,0,21,12,4,3,10.53,59,0.27586206896551724
410566,349,28.478506374801967,181,38,0.20994475138121546,0.15695093859763165,0.27499511683577726,0.17272727272727273,0.16666666666666666,0.10028653295128939,0,15,0,5,2,0,10.7,30,0.29512893982808025
467270,176,14.264303010371586,98,14,0.14285714285714285,0.0870439104644005,0.2256141781752124,0.10714285714285714,0.2857142857142857,0.005681818181818182,0,0,0,4,0,1,10.309999999999999,11,0.3125
393886,509,36.304412831623225,245,33,0.1346938775510204,0.09754188372068368,0.18312501441853424,0.06993006993006994,0.1724137931034483,0.025540275049115914,4,56,40,8,1,0,9.5,36,0.26129666011787817
222099,333,26.712879249713236,176,13,0.07386363636363637,0.04367105582044981,0.12226163161115666,0.02702702702702703,0.3333333333333333,0.10810810810810811,1,0,5,1,0,1,11.96,39,0.2672672672672673
681509,358,29.31611218001289,190,10,0.05263157894736842,0.02883612554849993,0.09415914481658165,0.017857142857142856,0.3116096866096866,0.0782122905027933,1,1,1,4,0,0,10.274999999999999,24,0.27932960893854747
326611,149,10.831361791044404,61,3,0.04918032786885246,0.016865676835230686,0.1349134279370143,0.0,0.25,0.1476510067114094,2,0,0,0,0,0,10.9,8,0.26174496644295303
311760,184,15.248063385781624,96,0,0.0,0.0,0.03847694748481595,0.0,0.16025641025641024,0.125,1,0,0,2,0,0,9.81,10,0.27717391304347827
